{"loss": [4.733525276184082, 4.032533645629883, 3.3309104442596436, 2.744185447692871, 2.270035743713379, 1.9447636604309082, 1.6446794271469116, 1.4803924560546875, 1.306767463684082, 1.1833254098892212, 1.0666630268096924, 1.0048199892044067, 0.9025906324386597, 0.8595327138900757, 0.7809030413627625, 0.745322585105896, 0.6859980821609497, 0.6175201535224915, 0.6484153270721436, 0.5412126183509827, 0.5225186944007874, 0.5418892502784729, 0.5103152394294739, 0.4774101674556732, 0.43172889947891235, 0.45896637439727783, 0.3808879554271698, 0.39493733644485474, 0.3371877670288086, 0.3693827688694, 0.39278116822242737, 0.3909897208213806, 0.33188778162002563, 0.3314010202884674, 0.3378313481807709, 0.29275310039520264, 0.3401421010494232, 0.2934351861476898, 0.3240761160850525, 0.3123511075973511, 0.30742180347442627, 0.28384509682655334, 0.26271218061447144, 0.24178320169448853, 0.27826401591300964, 0.244779571890831, 0.2312154620885849, 0.23901592195034027, 0.2254209667444229, 0.22434937953948975, 0.22127185761928558, 0.2311927229166031, 0.208609938621521, 0.23442423343658447, 0.1891244649887085, 0.23066499829292297, 0.24048833549022675, 0.22871942818164825, 0.26297399401664734, 0.14645053446292877, 0.19969169795513153, 0.19514432549476624, 0.24590443074703217, 0.16890540719032288, 0.23641060292720795, 0.17353737354278564, 0.1727137416601181, 0.19464263319969177, 0.17165431380271912, 0.17845036089420319, 0.16551710665225983, 0.1624707579612732, 0.15868130326271057, 0.19947928190231323, 0.18824520707130432, 0.17704521119594574, 0.1901569366455078, 0.14640553295612335, 0.18931110203266144, 0.20989425480365753, 0.18018770217895508, 0.1785525679588318, 0.2028617411851883, 0.16350972652435303, 0.1430458277463913, 0.15742507576942444, 0.1569855660200119, 0.12209414690732956, 0.16766422986984253, 0.15406793355941772, 0.1382874697446823, 0.18054063618183136, 0.15909704566001892, 0.122060626745224, 0.17759782075881958, 0.15849454700946808, 0.149178609251976, 0.1482730507850647, 0.16396942734718323, 0.13405825197696686], "accuracy": [0.030625000596046448, 0.08500000089406967, 0.1587499976158142, 0.2693749964237213, 0.3725000023841858, 0.4156250059604645, 0.5243750214576721, 0.5400000214576721, 0.6000000238418579, 0.6287500262260437, 0.6650000214576721, 0.6943749785423279, 0.7181249856948853, 0.731249988079071, 0.7368749976158142, 0.7756249904632568, 0.778124988079071, 0.7900000214576721, 0.793749988079071, 0.8318750262260437, 0.8349999785423279, 0.8143749833106995, 0.8412500023841858, 0.8337500095367432, 0.8575000166893005, 0.8550000190734863, 0.8768749833106995, 0.8824999928474426, 0.8943750262260437, 0.8799999952316284, 0.8725000023841858, 0.8787500262260437, 0.8931249976158142, 0.8956249952316284, 0.8943750262260437, 0.8999999761581421, 0.8912500143051147, 0.9087499976158142, 0.8987500071525574, 0.9081249833106995, 0.8974999785423279, 0.909375011920929, 0.9137499928474426, 0.9237499833106995, 0.9193750023841858, 0.9181249737739563, 0.9262499809265137, 0.9268749952316284, 0.9306250214576721, 0.925000011920929, 0.9275000095367432, 0.9243749976158142, 0.9356250166893005, 0.9225000143051147, 0.9381250143051147, 0.9350000023841858, 0.9337499737739563, 0.9350000023841858, 0.9206249713897705, 0.9518749713897705, 0.940625011920929, 0.9412500262260437, 0.9268749952316284, 0.9449999928474426, 0.925000011920929, 0.9493749737739563, 0.9462500214576721, 0.9424999952316284, 0.9449999928474426, 0.9443749785423279, 0.9493749737739563, 0.9512500166893005, 0.9537500143051147, 0.9449999928474426, 0.9481250047683716, 0.9481250047683716, 0.9424999952316284, 0.9568750262260437, 0.9518749713897705, 0.9443749785423279, 0.9506250023841858, 0.9424999952316284, 0.940625011920929, 0.9537500143051147, 0.9593750238418579, 0.9544304013252258, 0.9593750238418579, 0.9643750190734863, 0.9568750262260437, 0.9549999833106995, 0.9568750262260437, 0.9456250071525574, 0.9537500143051147, 0.9649999737739563, 0.9487500190734863, 0.9512500166893005, 0.9543750286102295, 0.9574999809265137, 0.9506250023841858, 0.9643750190734863], "val_loss": [4.2533955574035645, 3.316417932510376, 2.452324628829956, 2.2138266563415527, 1.9931859970092773, 1.302950143814087, 0.8787176012992859, 0.7746323347091675, 0.6449383497238159, 0.660645604133606, 0.5048569440841675, 0.35656797885894775, 0.40027832984924316, 0.44129833579063416, 0.3210678994655609, 0.2915373742580414, 0.25341692566871643, 0.4261513650417328, 0.3353027403354645, 0.25562185049057007, 0.4641324579715729, 0.23266902565956116, 0.19194768369197845, 0.21859046816825867, 0.5715124607086182, 0.323642373085022, 0.15078769624233246, 0.13588932156562805, 0.17575527727603912, 0.1464209109544754, 0.1573767513036728, 0.17522993683815002, 0.11268983781337738, 0.1631205528974533, 0.1867179423570633, 0.12511217594146729, 0.06533347815275192, 0.09871475398540497, 0.08826205879449844, 0.09820966422557831, 0.1255396008491516, 0.059897229075431824, 0.07296154648065567, 0.06018508970737457, 0.08142861723899841, 0.06549273431301117, 0.09058421850204468, 0.107925184071064, 0.09850747883319855, 0.05846622958779335, 0.04457136243581772, 0.05965469777584076, 0.07088582217693329, 0.07110854238271713, 0.10792773216962814, 0.056430913507938385, 0.02821686677634716, 0.0949106216430664, 0.053312692791223526, 0.057232726365327835, 0.04516423121094704, 0.06314186751842499, 0.12912717461585999, 0.08535391092300415, 0.053715724498033524, 0.17374879121780396, 0.11775291711091995, 0.04704059287905693, 0.05636650696396828, 0.028288135305047035, 0.03475530445575714, 0.04171952232718468, 0.17214252054691315, 0.06415852159261703, 0.07763281464576721, 0.04877246916294098, 0.02106480300426483, 0.03347421810030937, 0.13118231296539307, 0.01792689971625805, 0.0929204523563385, 0.05871020630002022, 0.014538304880261421, 0.04437693953514099, 0.04323047772049904, 0.040825534611940384, 0.028715603053569794, 0.014092054218053818, 0.2971610724925995, 0.018330777063965797, 0.05305289104580879, 0.07125348597764969, 0.04658348485827446, 0.013180837966501713, 0.07390037924051285, 0.02628294751048088, 0.007897331379354, 0.009963441640138626, 0.017379479482769966, 0.018971193581819534],